番号,106,
名前,宇佐見 菫子,
呼び名,菫子,
基礎,体力,1500
基礎,気力,1800
基礎,勃起,1500
基礎,精力,10000
基礎,法力,1000
基礎,情緒,1500
基礎,理性,1000
基礎,憤怒,1000
基礎,工作量,0
基礎,深度,2000
基礎,酒気,1000
素質,処女,1
素質,性別,1
素質,胆量,1;気丈
素質,応答,-1;大人しい
素質,自尊心,1;プライド高い
素質,年齢,0
素質,性的兴趣,1;好奇心
素質,貞操,1;貞操観念
素質,冷漠,1
素質,羞恥心,1;恥じらい
素質,痛覚,1;痛みに弱い
素質,習得速度,1;習得早い
素質,汚臭耐性,-1;汚臭敏感
素質,Ｂ感度,1;Ｂ敏感
素質,Ｍ感度,1;Ｍ敏感
素質,酒耐性,-2;下戸
素質,人类,1
素質,採集Lv,2
能力,Ｃ感覚,1
能力,親密,1
能力,従順,1
能力,技巧,1
能力,戦闘能力,4
能力,教養,3
能力,採集技能,2
経験,自慰経験,10
フラグ,基本服装セット,206;服装
フラグ,地位,500;地位
フラグ,初始位置,238;開始位置
フラグ,420,5;神社来訪率補正
フラグ,422,5;人里来訪率補正
フラグ,来訪時間,600;10時
フラグ,帰宅時間,1380;23時
フラグ,就寝時間,1440;24時
フラグ,起床時間,360;6時
フラグ,經常去的地方,2
フラグ,自宅位置,270;長屋街
フラグ,弾幕特能,22
相性,1,130;霊夢
相性,11,120;魔理沙
相性,26,90;紫
相性,38,70;恋
相性,43,100;華扇
相性,56,90;神子
相性,57,80;秦心
相性,61,140,妹紅
相性,69,130;瑞藏
相性,71,90;針妙丸
相性,81,130;莲子
相性,82,120;梅莉
相性,85,110;一轮
相性,109,120;哆来咪
CSTR,10,～曝光神秘！秘封倶楽部初代会長～　●種族：人類　●能力：操縱超能力程度的能力 

