番号,22,;2-4
名前,露娜薩 普利茲姆利巴,
呼び名,露娜薩,
基礎,体力,2000
基礎,気力,1400
基礎,勃起,1500
基礎,精力,10000
基礎,法力,2300
基礎,情緒,1500
基礎,理性,1000
基礎,憤怒,1000
基礎,工作量,0
基礎,深度,2000
基礎,酒気,1600
素質,処女,1
素質,性別,1
素質,応答,-1;大人しい
素質,自制心,1
素質,开朗／阴郁,-1;陰気
素質,難以越過的底線,1
素質,貞操,1;貞操観念
素質,羞恥心,1;恥じらい
素質,弄濕難易,1;濡れやすい
素質,汚臭耐性,-1;汚臭敏感
素質,容易中毒,1
素質,Ｂ感度,1;Ｂ敏感
素質,非生物,2
能力,従順,1
能力,技巧,2
能力,奉仕精神,1
能力,戦闘能力,3
能力,音楽技能,5
素質,音楽知識,1;楽器知識
素質,音感,2;絶対音感
フラグ,基本服装セット,122;服装
フラグ,地位,500;地位
フラグ,初始位置,340;開始位置;EX
フラグ,来訪時間,570;9.5時
フラグ,帰宅時間,1140;19時
フラグ,就寝時間,120;2時
フラグ,起床時間,540;9時
フラグ,經常去的地方,6
フラグ,自宅位置,330;廃洋館
フラグ,弾幕特能,768
相性,20,150;リリカ
相性,21,150;メルラン
;相性,200;レイラ
CSTR,工作情報,音樂會　每月一次、日曜日　13時～19時
CSTR,職場,里之广场
CSTR,10,～骚灵提琴手～　●種族：騒霊　●能力：不用双手操控就能演奏乐器程度的能力
CSTR,11,　
CSTR,12,幻想郷で活動している普利茲姆利巴楽団のリーダー的存在。
CSTR,13,楽団を構成する普利茲姆利巴三姉妹の長女であり、小提琴を主に演奏
CSTR,14,彼女の所有する小提琴はストラディヴァリウスも裸足で逃げ出すほどの名器の幽霊らしい