番号,127,
名前,戎 瓔花
呼び名,瓔花,
基礎,体力,1500
基礎,気力,2000
基礎,勃起,1500
基礎,精力,10000
基礎,法力,1000
基礎,情緒,1500
基礎,理性,1000
基礎,憤怒,1000
基礎,工作量,0
基礎,深度,2000
基礎,酒気,1300
素質,処女,1
素質,性別,1
素質,態度,-1;素直
素質,応答,-1;大人しい
素質,感情缺乏,1
素質,性的兴趣,-1;保守的
素質,冷漠,1
素質,开朗／阴郁,1;陽気
素質,靈活手指
素質,容易中毒,1
素質,魅力,1
素質,酒耐性,-1;お酒に弱い
素質,人気,1
素質,水棲,1
素質,非生物,2;霊体
能力,技巧,1
能力,戦闘能力,1

フラグ,基本服装セット,227;服装
フラグ,地位,1000;地位
フラグ,初始位置,99;開始位置
フラグ,来訪時間,540;9時
フラグ,帰宅時間,1200;20時
フラグ,就寝時間,1320;22時
フラグ,起床時間,360;6時
フラグ,經常去的地方,6;三途の川～冥界
フラグ,自宅位置,620;三途の川
;フラグ,移動率補正,
フラグ,移動節度,0
CSTR,10,～河原のアイドル水子～　●種族：水子の霊　●能力：上手に石を積む程度の能力
