1,鳥居
2,境内
3,賽銭箱
4,本殿
5,手水舎
6,庫房
7,起居室
8,廚房
9,居間
10,走廊
11,庭（訓練可能）
12,脱衣所
13,浴室
14,廁所
15,霊夢私室
16,破舊小屋
17,小的儲藏室
18,壁櫥間
19,大的儲藏室
20,本殿内部
21,守矢神社分社
22,参道
23,温泉・脱衣所
24,温泉
25,鎮守之森
26,三妖精之家・入口
27,三妖精之家・大廳
28,三妖精之家・樓梯
29,三妖精之家・廚房
30,三妖精之家・浴室
31,三妖精之家・二階廊下
32,桑尼私室
33,露娜私室
34,斯塔私室
35,三妖精之家・地下室
36,夢幻遺跡前
37,夢幻遺跡・一階通路
38,夢幻遺跡・洗面所
39,夢幻遺跡・浴室
40,夢幻遺跡・廁所
41,夢幻遺跡・食堂兼談話室
42,夢幻遺跡・調理室
43,夢美私室
44,千百合私室
45,夢幻遺跡・樓梯
46,夢幻遺跡・二階通路
47,夢幻遺跡・艦橋
48,夢幻遺跡・第一資料室
49,夢幻遺跡・研究室
50,夢幻遺跡・第二資料室
51,夢幻遺跡・倉庫
52,出口
53,倉庫
54,小人的虫籠
55,和室
56,参道的正前方

98,待客室

;霊廟メンバー名
;201,芳香
;202,青娥
;203,屠自古
;204,布都
;205,神子

;TRAINNAME
;0番台,０．愛撫系コマンド
1000,愛撫
1001,舐陰
1002,舐陰莖
1003,手指挿入
1004,舐肛
1005,肛門愛撫
1006,胸愛撫
1007,玩弄乳頭
1008,張開陰唇
1009,自慰
1013,張開肛門
1015,陰蒂愛撫

;20番台,１．コミュニケーション系コマンド
1020,接吻
1021,什麼也不做
1022,承受誘惑

;40番台,２．道具使用コマンド
1040,跳蛋
1041,電動按摩棒
1042,陰蒂夾
1043,飛機杯
1044,振動棒
1045,肛用振動棒
1046,後庭拉珠
1047,乳頭夾
1048,搾乳機
1049,乳頭跳蛋

1060,正常位
1061,後背位
1062,正常位肛交
1063,後背位肛交
1064,逆強姦
1065,騎乗位
1066,騎乗位肛交
1067,対面座位
1068,背面座位
1069,対面座位肛交
1070,背面座位肛交
1071,二穴挿入

1080,手淫
1081,口交
1082,乳交
1083,素股
1084,泡泡浴
1085,足交
1088,真空口交

1090,被愛撫肛門
1091,被舐肛門
1092,被Ａ正常位
1093,被Ａ後背位
1094,Ａ騎乗位

1100,打屁股
1101,鞭
1102,蝋燭
1103,針
1104,眼罩
1105,縄
1106,口球
1107,拘束PLAY

1120,強制舐陰
1121,磨鏡
1122,讓助手侵犯
1123,足交
1124,手淫
1125,被愛撫
1126,互揉胸部

1130,被正常位
1131,被後背位
1132,被対面座位
1133,被背面座位

1140,強制口交
1141,拳交
1142,肛門拳交
1143,両穴拳交
1144,放尿
1145,肛門奉仕
1146,浣腸
1147,拡張氣球
1148,肛門電極
1149,
1150,雙乳間抽插



1180,潤滑液
1181,媚薬
1182,利尿剤
1183,视频拍摄
1184,野外PLAY
1185,侵犯助手
1186,羞恥PLAY
1187,浴室PLAY
1188,淋浴
1189,新妻PLAY
1190,穿上圍裙
1191,睡眠薬

1300,会話
1301,泡茶
1302,身体接觸
1303,道歉
1304,幫忙干活
1305,索求膝枕
1307,捏臉蛋
1308,捅臉頰
1309,摸頭
1310,摸屁股
1311,擁抱
1312,接吻
1313,胸愛撫
1314,肛門愛撫
1315,陰蒂愛撫
1316,手指挿入
1330,掀裙子
1350,推倒
1351,帯出去
1352,告白
1353,猥褻
1354,陪睡

1360,任憑擺佈
1361,抵抗
1362,逃跑

1400,移動
1401,收藏
1402,就寝
1403,休憩
1405,外出
1410,掃除
1411,戦闘訓練
1412,学习
1413,料理
1414,吃飯
1415,招待吃飯
1416,演奏

1420,和留琴対話

1427,天候操作
1428,使用万宝槌

1460,意淫自慰
1461,清醒

1501,六九式
1502,岩清水
1503,刺激Ｇ點
1504,乱牡丹
1505,手淫口交
1506,挿入Ｇ點玩弄
1507,挿入子宮口玩弄
1508,６９乳交
1509,雙重口交
1510,雙重素股
1511,雙重乳交
1512,乳夾口交
1513,交互挿入
1514,玩弄Ｓ状結腸
1515,隔着刺激陰道

1560,掏耳朵
1561,抱枕
1562,亲額頭
1563,更多的接吻

1580,拉手

1603,牽手
1604,散步
1605,繞道

1610,請吃飯（\2000消費）
1611,買東西
1612,送禮
1613,賺錢
1619,酒屋

1700,愛撫(慰)
1701,舐陰(慰)
1702,自我口交(慰)
1703,手指挿入(慰)
1704,舐肛(慰)
1705,肛門愛撫(慰)
1706,胸愛撫(慰)
1707,玩弄乳頭(慰)
1708,張開陰唇(慰)
1709,手淫(慰)
1712,揉胸(慰)
1713,張開肛門(慰)

1740,跳蛋
1741,电动按摩棒
1742,陰蒂夾
1743,飛機杯
1744,振動棒
1745,肛用振動棒
1746,後庭拉珠
1747,乳頭夾
1748,搾乳機

;---------------------------------------------------
;可変画像用(モブ用)
;---------------------------------------------------
;髪型
2000,長髪
2001,セミロング
2002,ショートカット
2003,ポニーテール
2004,ツインテール
2005,サイドテール
2006,縦ロール
2007,ツインリング
2008,三つ編み
2009,短髪
2010,おさげ髪
2011,ポンパドール
2012,ポニーアップ
2013,サイドダウン
2014,お団子髪
2015,ツーサイドアップ
2016,ダブルポニー
2017,横ロール
2018,まとめ髪
2019,ボブカット
2020,シニヨン
2021,ロングヘア

;汎用色(髪・服・耳・尾)
2050,黒
2051,栗
2052,金
2053,赤
2054,銀
2055,青
2056,緑
2057,桃
2058,紫
2059,白
2060,橙
2061,水
2062,灰

;肌の色
2100,普通
2101,褐色
2102,日焼
2103,不健康
2104,悪魔

;頭部
2110,普通な顔
2111,青ざめた顔
2112,黒い顔

;服装(裸・下着)
2200,素体
2201,素体(絶壁)
2202,素体(並乳)
2203,素体(巨乳)
2204,内衣
2205,襯褲
2206,浴衣
2207,浴衣(色固定)
2208,スク水

;服装
2210,和服
2211,私服A
2212,私服B
2213,私服CA
2214,私服CB
2215,私服D
2216,ゴスロリ
2217,シ斯塔
2218,水手服
2219,西装外衣
2220,女僕服
2221,妖精服
2222,河童服
2223,河童服(色固定)
2224,天狗服(色固定)
2225,白狼天狗服(色固定)
2226,玉兎服(色固定)

;装飾品
2300,なし
2301,ZUN帽
2302,ZUN帽(服)
2303,河童帽子
2304,天狗帽子
2305,白浪天狗帽子
2306,王冠
2307,天使の輪
2308,鬼の角
2309,鬼の角(一角)
2310,玉兎ヘルメット
2311,ヘアバンド(白)
2312,ヘアバンド(赤)
2313,ヘアバンド(服)
2314,シ斯塔頭巾(服)
2315,メイド髮箍
2316,妖精の羽
2317,悪魔の羽
2318,白い羽根
2319,黒い羽根
2320,メガネ(普通)
2321,メガネ(赤縁)
2322,メガネ(黒縁)
2323,ウサ耳
2324,たぬき耳
2325,たぬきしっぽ
2326,ネコ耳(耳)
2327,ネコしっぽ
2328,狐耳
2329,狐耳(耳)
2330,狐しっぽ
2331,狐しっぽ(尾)
2332,獣耳(耳)
2333,獣しっぽ(尾)
2334,ロザリオ

2434,ロザリオ(ポーズ2用)

;---------------------------------------------------
;料理
;
3001,三明治
3002,飯団
3003,漢堡
3004,司康餅
3005,焼麥
3006,肉包
3007,炸魚＆薯條
3008,墨西哥巻餅
3009,章魚焼
;,イカケバブ
;
3010,雑燴粥
3011,蛋澆飯
3012,炒蔬菜
3013,壽司糖
3014,焼鱼
3015,味噌汤
3016,涼拌菜
3017,烏冬面
3018,素麺
3019,荞麦面
3020,煎蛋巻
3021,燉菜
3022,漢堡肉
3023,奶汁燴菜
3024,咖喱飯
3025,涮涮鍋
3026,拉麵
3027,姜汁焼肉
3028,牛排
3029,油淋鶏
3030,奶酪番茄沙拉
3031,興奮劑高湯
3032,澳洲鴕鳥肉
3033,有機・肥鮪魚・壽司
3034,金吉獣料理
3035,天婦羅
3036,盛的滿滿的飯
3037,泡菜飯
;3038,月夜の下おにぎり

3050,布丁
3051,蛋糕
3052,果凍
3053,蛋撻
3054,曲奇
3055,餡餅
3056,羊羹
3057,大福
3058,蜂蜜蛋糕
3059,団子
3060,水果拼盘
3061,奶油蛋糕

3075,竹筍飯
3076,七草粥
3077,日式炸牡蠣

3078,鰻魚盒飯
3079,啤酒毛豆
3080,中華冷麵



;お野菜

3651,捲心菜
3652,草莓
3653,芜菁

3662,黄瓜
3663,番茄
3664,西瓜

3675,茄子
3676,紅薯
3677,葡萄

3687,百合
3688,胡蘿卜
3689,葱

3690,跳蛋苗,6000,

;出掛け先
;追加時は出掛け先の文字数に注意
;(妖怪の山より長い名前はNG)
;== PLACE ==
5000,博麗神社
5001,命蓮寺
5002,人間之里
;5003,博麗神社
5003,霧之湖～紅魔館
5004,迷途竹林
5005,魔法之森
5006,三途之川～冥界
5007,妖怪之山 (山麓)
5008,妖怪之山 (山頂)
5009,地底
5010,夢之世界～月

;== SPOT ==

6001,桜花道的鳥居
6002,神社境内
6003,神社本堂
6004,神社走廊
6005,妖精的大樹
6006,夢幻遺跡

;- 命蓮寺 -
;6011,命蓮寺参道
6011,地蔵小路
6012,倒垂的柳樹下
6013,命蓮寺境内
6014,命蓮寺本堂
6015,墓地
6016,聖徳道場

;- 人間の里 -
6021,広場
6022,商家町
6023,呑屋小道
6024,寺子屋
6025,大衆浴場
6026,情人用宿屋
6027,長屋街

;6028,大衆浴場
;6029,名家の屋敷


;- 紅魔館 -
6031,霧之湖
6032,冰造的小雪屋
6033,廃洋館
6034,正門
6035,大廳
6036,食堂
6037,大図書館
6038,地下室

;- 迷いの竹林 -
6041,竹林入口
6042,迷失的小道
6043,斜角的竹林
6044,兎的洞穴
6045,永遠亭
6046,無名之丘
6047,太陽花田
6048,永遠亭的内院
6049,夢幻館

;- 魔法の森 -
6051,森林的入口
6052,香霖堂
6053,古木的大樹
6054,霧雨魔法店
6055,人偶的洋館
6056,再思之道
6057,無縁塚

;- 三途の川～冥界 -
6061,中有之道
6062,三途之川
6063,迷途之家
6064,彼岸
6065,白玉楼庭
6066,白玉楼
6067,地獄
6068,畜生界
6069,霊長園

;- 妖怪の山 山麓 -
6071,山麓樹海
6072,玄武之澤
6073,大蛤蟆之池
6074,正邪的隠匿処前
6075,仙人宅邸
6076,間欠泉地下中樞

;- 妖怪の山 山頂 -
6081,九天瀑布
6082,絶景之丘
6083,山之湖
6084,守矢神社境内
6085,守矢神社本殿
6086,
6087,
6088,
6089,天界

;- 地底 -
6091,幻想風穴
6092,地獄的深道
6093,旧地獄街道
6094,旧地獄温泉
6095,情人旅館
6096,地霊殿
6097,灼熱地獄跡

;- 夢の世界～月 -
6101,槐安通路
6102,
6103,
6104,
6105,月之都
6106,綿月亭
6107,玉兎之街
6108,桃林～砂浜
6109,寧靜海

7001,普通的水
7002,霧之湖的水
7003,地獄温泉的水
;7004,
7005,奇跡之水
;7006,副産物
;7007,梅の実と井戸水

7051,濁酒
7052,清酒
7053,鬼殺酒
7054,葡萄酒
7055,神酒
7056,甜酒
7057,梅酒

8101,山門
8102,境内
8103,本堂
8104,講堂
8105,経堂
8106,後院
8107,起居室
8108,居間
8109,客間
8110,走廊
8111,廚房
8112,浴室
8113,納茲琳私室
8114,村紗私室
8115,星私室
8116,一輪私室
8117,鵺私室
8118,白蓮私室
8119,出口
8120,庫房
8121,墓地
8122,梵鐘堂
8123,霊廟大門
8124,霊廟広場
8125,屠自古部屋
8126,道場
8127,布都私室
8128,神子私室
8129,客間
8130,廊下
8131,枯山水
8132,調薬室
8133,湯殿
8134,蔵

8201,人間之里的門
8202,中央広場
8203,南大街
8204,東大街
8205,北大街
8206,西大街
8207,龍神像

8211,酒屋
8212,咖啡館
8213,鈴奈庵
8214,長屋前
8215,花屋
8216,食料品店
8217,甜品店
8218,小料理屋
8219,集会所
8220,瞭望樓
8221,阿求的住宅
8222,寺子屋
8223,銭湯
8224,慧音宅
8225,情人用宿屋
8226,小鈴私室
8227,八百屋
8228,貸切浴場
8230,主人公的房間
8231,蛮奇的房間
8232,蓮子的房間
8233,梅莉的房間
8234,雪的房間
8235,舞的房間
8236,公用廁所
8237,公用水井
8238,菫子的房間

8301,正門
8302,庭
8303,守衛小屋
8304,空的小屋
8305,仓库
8306,後院
8307,東陽台
8308,西陽台
8309,大廳
8310,図書館
8311,帕秋莉私室
8312,小悪魔私室
8313,厨房
8314,食堂
8315,會客廳
8316,一層廁所
8317,大樓梯
8318,地下樓梯
8319,二階廊下
8320,咲夜私室
8321,空的部屋
8322,二層廁所
8323,妖精女僕的值班室
8324,大露台
8325,三階樓梯
8326,蕾米莉亜私室
8327,小露台
8328,地下走廊
8329,倉庫
8330,使用人部屋
8331,地下室
8332,脱衣所
8333,大浴場

8334,廃洋館・入口
8335,廃洋館・大廳
8336,廃洋館・樓梯
8337,廃洋館・廚房
8338,廃洋館・浴室
8339,廃洋館・二階廊下
8340,露娜薩私室
8341,梅露蘭私室
8342,莉莉喀私室

8343,湖畔
8344,蕾蒂的冰屋
8345,琪露諾的冰屋
8346,大妖精宅
8347,霧之湖
8348,霧之湖・湖底



8401,永遠亭入口
8402,永遠亭玄関
8403,待合室
8404,診察室
8405,配药室
8406,来客用廁所
8407,廊下
8408,中廊下
8409,走廊
8410,帝私室
8411,鈴仙私室
8412,空的部屋
8413,永琳私室
8414,輝夜私室
8415,大廳
8416,居間
8417,廚房
8418,厠
8419,脱衣所
8420,浴室
8421,庭
8422,後院
8423,倉庫
8424,庫房
8425,二階樓梯
8426,二階廊下
8427,倉庫
8428,二階空的部屋
8429,地下樓梯
8430,地下室

8431,兎的洞穴
8432,影狼的家
8433,斜角的竹林
8434,迷失的小道
8435,井戸
8436,無明之丘
8437,梅蒂欣的家
8438,太陽花田
8439,拉瓦爾的家
8440,廃屋
8441,温泉
8442,空的小屋
8443,米斯蒂亜的家
8444,夜雀的小攤
8445,妹紅的家
8446,祠
8447,竹林入口
;8448,竹林の外

8450,夢幻館 玄関
8451,夢幻館 胡桃私室
8452,夢幻館 艾麗私室
8453,夢幻館 廚房
8454,夢幻館 浴室
8455,夢幻館 廁所
8456,夢幻館 倉庫
8457,夢幻館 夢月私室
8458,夢幻館廊下
8459,夢幻館 幻月私室
8460,夢幻館 空室
8461,夢幻館 居間
8462,夢幻館 陽台
8463,夢幻館 幽香私室
8464,夢幻館 露台
8465,夢幻館 大廳
8466,夢幻館 庭
8467,竹林之外


8501,魔法之森入口
8502,香霖堂
8503,岔道

8506,無縁塚
8507,菌菇群生地
8508,魔法之広場
8509,再思之道

8510,霧雨魔法店
8511,魔理沙宅・居間
8512,魔理沙宅・寝室
8513,魔理沙宅・研究部屋
8514,魔理沙宅・浴室
8515,魔理沙宅・倉庫


8520,人偶洋館前
8521,人偶洋館・愛麗絲的房間
8522,人偶洋館・神綺的房間
8523,人偶洋館・夢子的房間
8524,人偶洋館・研究室
8525,人偶洋館・リビング
8526,人偶洋館・浴室

8528,人偶洋館・倉庫
8529,人偶洋館・露台
8530,人偶洋館・二階
8531,人偶洋館・空的部屋

8534,輕飄飄的艾倫魔法商店
8535,艾倫宅・艾倫私室
8536,艾倫宅・倉庫
8537,艾倫宅・浴室

8540,古木的大樹
8541,朱鷺子的棲息処
8542,莉格露的棲息処
8543,露米亜的棲息処
8544,成美的家

8701,樹海道入口
8702,山道・通往沼澤之道
8703,玄武之澤
8704,河童的宣傳站
8705,山道・中腹
8706,厄神的家
8707,山道・分岐点
8708,大蛤蟆之池
8709,莉莉們的家
8710,猫之里
8711,休憩所
8712,地下間欠泉中心

8715,秋姉妹的家・畑
8716,秋姉妹的家・起居室
8717,秋姉妹的家・寝室
8718,秋姉妹的家・居間
8719,秋姉妹的家・座敷

8720,仙人宅邸・廚房
8721,仙人宅邸・浴室
8722,仙人宅邸・道場
8723,仙人宅邸・二階客間
8724,仙人宅邸・書斎
8725,仙人宅邸・大鷲的房間
8726,仙人宅邸・居間
8727,仙人宅邸・華扇私室
8728,仙人宅邸・空的部屋
8729,仙人宅邸・玄関
8730,仙人宅邸・庭

8731,帚木
8732,通向山頂的路

8733,正邪的隠匿処
8734,小屋
8735,游泳場
8736,山姥之家

8801,山頂入口
8802,橋
8803,索道站
8804,守矢神社鳥居
8805,頂上
8806,瀑布背面
8807,椛宅
8808,文宅
8809,極宅
8810,山小屋
8811,境内
8812,本殿
8813,社務所
8814,湖畔
8815,庭
8816,走廊
8817,神奈子私室
8818,諏訪子私室
8819,居間
8820,早苗私室
8821,起居室
8822,廚房
8823,空室
8824,廁所
8825,浴室
8826,廊下
8827,
8828,
8829,
8830,玄雲海
8831,比那名居邸前
8832,有頂天街
8833,桃園
8834,比那名居邸起居室
8835,比那名居邸會客廳
8836,比那名居邸厨房
8837,比那名居邸浴室
8838,比那名居邸居間
8839,比那名居邸和室
8840,天子私室
8841,衣玖私室
8842,比那名居邸庫房

8901,地霊殿前
8902,入口
8903,會客廳
8904,大會堂
8905,一階廊下
8906,一層廁所
;8907,西階段
;8908,東階段
8909,厨房
8910,食料庫
8911,阿空私室
8912,阿燐私室
8913,食堂
8914,二階廊下
8915,露台
8916,庫房
8917,二層廁所
8918,恋私室
8919,覚私室
8920,書斎
8921,浴室
8922,脱衣所
8923,後院
;8924,噴水
8925,薔薇園
8926,中庭
8927,灼熱地獄跡入口
8928,灼熱地獄跡
8929,地底都市最深部
8930,地獄的人工太陽
8931,大街
8932,後街
8933,酒場
8934,温泉
8935,情人旅館
8936,勇儀的家
8937,空屋
8938,鬼的聚集場所
8939,小胡同
8940,琶露西的家
8941,山女的家
8942,琪斯美的家
8943,茅屋
8944,街道
8945,川岸
8946,橋
;8947,地蔵
8948,縦穴底部
8949,地上

;---------------------------------------------------,,,コメント,関連キャラ番号,入手条件
;楽譜シリーズ名(10000~10100)
;---------------------------------------------------
10000,東方靈異伝　～ Highly Responsive to Prayers
10001,東方封魔録　～ the Story of Eastern Wonderland
10002,東方夢時空　～ Phantasmagoria of Dim.Dream
10003,東方幻想郷　～ Lotus Land Story
10004,東方怪綺談　～ Mystic Square
10005,東方紅魔郷　～ the Embodiment of Scarlet Devil.
10006,東方妖々夢　～ Perfect Cherry Blossom.
10007,東方萃夢想　～ Immaterial and Missing Power.
10008,東方永夜抄　～ Imperishable Night.
10009,東方花映塚　～ Phantasmagoria of Flower View.
10010,東方文花帖　～ Shoot the Bullet.
10011,東方風神録　～ Mountain of Faith.
10012,東方緋想天　～ Scarlet Weather Rhapsody.
10013,東方地霊殿　～ Subterranean Animism.
10014,東方星蓮船　～ Undefined Fantastic Object.
10015,東方非想天則　～ 超弩級ギニョルの謎を追え
10016,ダブルスポイラー　～ 東方文花帖
10017,妖精大戦争　～ 東方三月精
10018,東方神霊廟　～ Ten Desires.
10019,東方心綺楼　～ Hopeless Masquerade.
10020,東方輝針城　～ Double Dealing Character.
10021,弾幕アマノジャク　～ Impossible Spell Card.
10022,東方深秘録　～ Urban Legend in Limbo.
10023,東方紺珠伝　～ Legacy of Lunatic Kingdom.
10024,東方天空璋　～ Hidden Star in Four Seasons.

;---------------------------------------------------
;楽譜曲名(10100~)
;---------------------------------------------------
;東方靈異伝　～ Highly Responsive to Prayers
10100,A Sacred Lot,タイトル画面テーマ,1001,そのシリーズの楽譜を手に入れた際に入手
10101,風の神社,未使用曲,1000,演奏時に随机で入手（重複なし）
10102,永遠の巫女,１～４面、地獄１６～１９面テーマ,1000,演奏時に随机で入手（重複なし）
10103,Highly Responsive to Prayers,魔界６～９面テーマ,1000,演奏時に随机で入手（重複なし）
10104,東方怪奇談,地獄６～９面テーマ,1000,演奏時に随机で入手（重複なし）
10105,Oriental Magician,魔界１１～１４面テーマ,1000,演奏時に随机で入手（重複なし）
10106,破邪の小太刀,地獄１１～１４面テーマ,1000,演奏時に随机で入手（重複なし）
10107,The Legend of KAGE,魔界１６～１９面テーマ,1000,演奏時に随机で入手（重複なし）
10108,The Positive and Negative,５面テーマ,1000,演奏時に随机で入手（重複なし）
10109,天使伝説,１０面テーマ,1000,演奏時に随机で入手（重複なし）
10110,魔鏡,１５面テーマ,1000,演奏時に随机で入手（重複なし）
10111,いざ、倒れ逝くその時まで,魔界最終面テーマ１,1000,演奏時に随机で入手（重複なし）
10112,死なばもろとも,魔界最終面テーマ２,1000,演奏時に随机で入手（重複なし）
10113,星幽剣士,地獄最終面テーマ,1000,演奏時に随机で入手（重複なし）
10114,アイリス,エンディングテーマ,1004,このシリーズの関連キャラに陥落資質（恋慕・愛欲）がついた場合

;東方封魔録　～ the Story of Eastern Wonderland
10150,東方封魔録　～浄土曼荼羅,タイトル画面,1001,そのシリーズの楽譜を手に入れた際に入手
10151,博麗　～Eastern Wind,１面テーマ,1000,演奏時に随机で入手（重複なし）
10152,She's in a temper!!,１面ボス・里香のテーマ１,47,関連キャラの演奏大成功時に入手
10153,End of Daylight,２面テーマ,1000,演奏時に随机で入手（重複なし）
10154,やみのちから,２面ボス・明羅のテーマ,46,関連キャラの演奏大成功時に入手
10155,幻夢界,３面テーマ,1000,演奏時に随机で入手（重複なし）
10156,死を賭して,３面ボス,1010,関連キャラがいないので、演奏時に随机で入手（重複なし）
10157,ひもろぎ、むらさきにもえ,４面テーマ,1000,演奏時に随机で入手（重複なし）
10158,恋色マジック,４面ボス・魔理沙のテーマ,11,関連キャラの演奏大成功時に入手
10159,東方封魔録　～幽幻乱舞,最終面テーマ,1000,演奏時に随机で入手（重複なし）
10160,Complete Darkness,最終面ボス・魅魔のテーマ,4,関連キャラの演奏大成功時に入手
10161,エ接吻トララブ,エ接吻トラステージテーマ,1002,このシリーズの随机入手を全部手に入れる
10162,戦車むすめのみるゆめ,エ接吻トラボス・里香のテーマ２,47,関連キャラの演奏大成功時に入手
10163,遠野の森,エンディングテーマ,1004,このシリーズの関連キャラに陥落資質（恋慕・愛欲）がついた場合
10164,昔話わんだーらんど,スタッフロールテーマ,1005,シリーズ内でこれ以外の楽譜を全部手に入れる

;東方夢時空　～ Phantasmagoria of Dim.Dream
10200,夢は時空を越えて,タイトル画面テーマ,1001,そのシリーズの楽譜を手に入れた際に入手
10201,Selection,使用キャラ選択テーマ,1000,演奏時に随机で入手（重複なし）
10202,東方妖恋談,博麗 靈夢のテーマ,1,関連キャラの演奏大成功時に入手
10203,Reincarnation,魅魔のテーマ,4,関連キャラの演奏大成功時に入手
10204,Dim. Dream,霧雨 魔理沙のテーマ,11,関連キャラの演奏大成功時に入手
10205,Tabula rasa　～ 空白少女,艾倫のテーマ,44,関連キャラの演奏大成功時に入手
10206,Maniacal Princess,小兎姫のテーマ,1010,関連キャラがいないので、演奏時に随机で入手（重複なし）
10207,夢消失　～ Lost Dream,喀娜・安娜貝拉爾のテーマ,3,関連キャラの演奏大成功時に入手
10208,夢幻遊戯　～ Dream War,朝倉 理香子のテーマ,45,関連キャラの演奏大成功時に入手
10209,魔法決戦！　～ Fight it out!,ＣＰＵ７人目のテーマ,1010,関連キャラがいないので、演奏時に随机で入手（重複なし）
10210,Sailor of Time,北白河 千百合のテーマ,8,関連キャラの演奏大成功時に入手
10211,Strawberry Crisis!!,岡崎 夢美のテーマ,9,関連キャラの演奏大成功時に入手
10212,非統一魔法世界論,中ボスデモテーマ,1010,関連キャラがいないので、演奏時に随机で入手（重複なし）
10213,魔法鐘愛,夢美デモテーマ,9,関連キャラの演奏大成功時に入手
10214,久遠の夢,共通エンディングテーマ,1004,このシリーズの関連キャラに陥落資質（恋慕・愛欲）がついた場合
10215,東方の青い空,昼のエンディングテーマ,1004,このシリーズの関連キャラに陥落資質（恋慕・愛欲）がついた場合
10216,永遠の満月,夜のエンディングテーマ,1004,このシリーズの関連キャラに陥落資質（恋慕・愛欲）がついた場合
10217,Maple Dream...,スタッフロールテーマ,1005,シリーズ内でこれ以外の楽譜を全部手に入れる
10218,霊人の休日,ネームレジストテーマ,1010,関連キャラがいないので、演奏時に随机で入手（重複なし）
10219,東方夢時空 勝利デモ,勝利デモテーマ,1003,このシリーズの関連キャラに弾幕勝負を挑む
10220,東方夢時空 ゲームオーバー,ゲームオーバーテーマ,1003,このシリーズの関連キャラに弾幕勝負を挑む

;東方幻想郷　～ Lotus Land Story
10250,幻想郷　～ Lotus Land Story,タイトル画面テーマ,1001,そのシリーズの楽譜を手に入れた際に入手
10251,Witching Dream,靈夢１面のテーマ,1,関連キャラの演奏大成功時に入手
10252,Selene's light,魔理沙１面のテーマ,11,関連キャラの演奏大成功時に入手
10253,装飾戦　～ Decoration Battle,１面ボス・奧蓮姫のテーマ,1010,関連キャラがいないので、演奏時に随机で入手（重複なし）
10254,Break the Sabbath,２面テーマ,1000,演奏時に随机で入手（重複なし）
10255,紅響曲　～ Scarlet Phoneme,２面ボス・胡桃のテーマ,114,関連キャラの演奏大成功時に入手
10256,Bad Apple!!,３面テーマ,1000,演奏時に随机で入手（重複なし）
10257,霊戦　～ Perdition crisis,３面ボス・艾麗のテーマ,115,関連キャラの演奏大成功時に入手
10258,愛麗絲マエステラ,４面テーマ,1000,演奏時に随机で入手（重複なし）
10259,少女綺想曲　～ Capriccio,４面ボス・靈夢のテーマ,1,関連キャラの演奏大成功時に入手
10260,星の器　～ Casket of Star,４面ボス・魔理沙のテーマ,11,関連キャラの演奏大成功時に入手
10261,Lotus Love,５面テーマ,1000,演奏時に随机で入手（重複なし）
10262,眠れる恐怖　～ Sleeping Terror,５面ボス・幽香のテーマ１,68,関連キャラの演奏大成功時に入手
10263,Dream Land,最終面テーマ,1000,演奏時に随机で入手（重複なし）
10264,幽夢　～ Inanimate Dream,最終面ボス・幽香のテーマ２,68,関連キャラの演奏大成功時に入手
10265,禁じざるをえない遊戯,エ接吻トラステージテーマ,1002,このシリーズの随机入手を全部手に入れる
10266,メイド幻想　～ Icemilk Magic,エ接吻トラボス・夢月のテーマ,116,関連キャラの演奏大成功時に入手
10267,可爱悪魔　～ Innocence,エ接吻トラボス・幻月のテーマ,117,関連キャラの演奏大成功時に入手
10268,Days,バッドエンドのテーマ,1004,このシリーズの関連キャラに陥落資質（恋慕・愛欲）がついた場合
10269,Peaceful,グッドエンドのテーマ,1004,このシリーズの関連キャラに陥落資質（恋慕・愛欲）がついた場合
10270,Arcadian Dream,スタッフロールのテーマ,1005,シリーズ内でこれ以外の楽譜を全部手に入れる
10271,幻想の住人,ネームレジストのテーマ,1010,関連キャラがいないので、演奏時に随机で入手（重複なし）

;東方怪綺談　～ Mystic Square
10300,怪綺談　～ Mystic Square,タイトル画面テーマ,1001,そのシリーズの楽譜を手に入れた際に入手
10301,Dream Express,１面テーマ,1000,演奏時に随机で入手（重複なし）
10302,魔法陣　～ Magic Square,１面ボス・薩拉のテーマ,1010,関連キャラがいないので、演奏時に随机で入手（重複なし）
10303,夢想時空,２面テーマ,1000,演奏時に随机で入手（重複なし）
10304,霊天　～ Spiritual Heaven,２面ボス・露易茲のテーマ,48,関連キャラの演奏大成功時に入手
10305,Romantic Children,３面テーマ,1000,演奏時に随机で入手（重複なし）
10306,プラスチック舞ンド,３面ボス・愛麗絲のテーマ１,17,関連キャラの演奏大成功時に入手
10307,メイプルワイズ,４面テーマ,1000,演奏時に随机で入手（重複なし）
10308,禁断の魔法　～ Forbidden Magic,４面ボス・雪＆舞のテーマ,104|105,関連キャラの演奏大成功時に入手
10309,真紅の少女　～ Crimson Dead!!,４面ボス・雪のテーマ,104,関連キャラの演奏大成功時に入手
10310,裏切りの少女　～ Judas Kiss,４面ボス・舞のテーマ,105,関連キャラの演奏大成功時に入手
10311,the Last Judgement,５面テーマ,1000,演奏時に随机で入手（重複なし）
10312,悲しき人形　～ Doll of Misery,５面ボス・夢子のテーマ,103,関連キャラの演奏大成功時に入手
10313,世界の果て　～ World's End,６面テーマ,1000,演奏時に随机で入手（重複なし）
10314,神話幻想　～ Infinite Being,６面ボス・神綺のテーマ,102,関連キャラの演奏大成功時に入手
10315,不思議の国の愛麗絲,エ接吻トラステージテーマ,1002,このシリーズの随机入手を全部手に入れる
10316,the Grimoire of Alice,エ接吻トラボス・愛麗絲のテーマ２,17,関連キャラの演奏大成功時に入手
10317,神社,バッドエンドテーマ,1004,このシリーズの関連キャラに陥落資質（恋慕・愛欲）がついた場合
10318,Endless,グッドエンドテーマ１,1004,このシリーズの関連キャラに陥落資質（恋慕・愛欲）がついた場合
10319,久遠の楽園,グッドエンドテーマ２,1004,このシリーズの関連キャラに陥落資質（恋慕・愛欲）がついた場合
10320,Mystic Dream,スタッフロールテーマ,1005,シリーズ内でこれ以外の楽譜を全部手に入れる
10321,Peaceful Romancer,エ接吻トラエンディングのテーマ,1004,このシリーズの関連キャラに陥落資質（恋慕・愛欲）がついた場合
10322,魂の休らむ所,ネームレジストテーマ,1010,関連キャラがいないので、演奏時に随机で入手（重複なし）

;東方紅魔郷　～ the Embodiment of Scarlet Devil.
10350,赤より红的夢,タイトル画面テーマ,1001,そのシリーズの楽譜を手に入れた際に入手
10351,ほおずきみたいに红的魂,１面テーマ,1000,演奏時に随机で入手（重複なし）
10352,妖魔夜行,１面ボス・露米亜のテーマ,12,関連キャラの演奏大成功時に入手
10353,ルーネイトエルフ,２面テーマ,1000,演奏時に随机で入手（重複なし）
10354,おてんば恋娘,２面ボス・琪露諾(⑨)のテーマ,14,関連キャラの演奏大成功時に入手
10355,上海紅茶館　～ Chinese Tea,３面テーマ,1000,演奏時に随机で入手（重複なし）
10356,明治十七年の上海愛麗絲,３面ボス・紅 美鈴のテーマ,58,関連キャラの演奏大成功時に入手
10357,ヴワル魔法図書館,４面テーマ,1000,演奏時に随机で入手（重複なし）
10358,ラクトガール　～ 少女密室,４面ボス・帕秋莉・諾蕾姫のテーマ,54,関連キャラの演奏大成功時に入手
10359,メイドと血の懐中時計,５面テーマ,1000,演奏時に随机で入手（重複なし）
10360,月時計　～ 露娜・ダイアル,５面ボス・十六夜 咲夜のテーマ,15,関連キャラの演奏大成功時に入手
10361,ツェペシュの幼き末裔,６面テーマ,1000,演奏時に随机で入手（重複なし）
10362,亡き王女の為のセプテット,６面ボス・蕾米莉亜・斯喀雷特のテーマ,16,関連キャラの演奏大成功時に入手
10363,魔法少女達の百年祭,EXTRAテーマ,1002,このシリーズの随机入手を全部手に入れる
10364,U.N.オーエンは彼女なのか？,EXTRAボス・芙蘭朶露・斯喀雷特のテーマ,50,関連キャラの演奏大成功時に入手
10365,紅より儚い永遠,エンディングテーマ,1004,このシリーズの関連キャラに陥落資質（恋慕・愛欲）がついた場合
10366,紅楼　～ Eastern Dream...,スタッフロールテーマ,1005,シリーズ内でこれ以外の楽譜を全部手に入れる

;東方妖々夢　～ Perfect Cherry Blossom.
10400,妖々夢　～ Snow or Cherry Petal,タイトル画面テーマ,1001,そのシリーズの楽譜を手に入れた際に入手
10401,無何有の郷　～ Deep Mountain,１面テーマ,1000,演奏時に随机で入手（重複なし）
10402,クリスタライズシルバー,１面ボス・蕾蒂・霍瓦特洛克のテーマ,74,関連キャラの演奏大成功時に入手
10403,遠野幻想物語,２面テーマ,1000,演奏時に随机で入手（重複なし）
10404,ティアオイエツォン(withered leaf),２面ボス・橙のテーマ,24,関連キャラの演奏大成功時に入手
10405,ブクレシュティの人形師,３面テーマ,1000,演奏時に随机で入手（重複なし）
10406,人形裁判　～ 人の形弄びし少女,３面ボス・愛麗絲・瑪格特羅伊德のテーマ,17,関連キャラの演奏大成功時に入手
10407,天空の花の都,４面テーマ,1000,演奏時に随机で入手（重複なし）
10408,幽霊楽団　～ Phantom Ensemble,４面ボス・普利茲姆利巴三姉妹のテーマ,20|21|22,関連キャラの演奏大成功時に入手
10409,東方妖々夢　～ Ancient Temple,５面テーマ,1000,演奏時に随机で入手（重複なし）
10410,広有射怪鳥事　～ Till When?,５面ボス・魂魄 妖夢のテーマ,23,関連キャラの演奏大成功時に入手
10411,アルティメットトゥルース,６面テーマ,1000,演奏時に随机で入手（重複なし）
10412,幽雅に咲かせ、墨染の桜　～ Border of Life,６面ボス・西行寺 幽幽子のテーマ,66,関連キャラの演奏大成功時に入手
10413,ボーダーオブライフ,６面ボス・西行寺 幽幽子のテーマ２,66,関連キャラの演奏大成功時に入手
10414,妖々跋扈,EXTRAテーマ,1000,演奏時に随机で入手（重複なし）
10415,少女幻葬　～ Necro-Fantasy,EXTRAボス・八雲 藍のテーマ,25,関連キャラの演奏大成功時に入手
10416,妖々跋扈　～ Who done it!,PHANTASMテーマ,1000,演奏時に随机で入手（重複なし）
10417,ネクロファンタジア,PHANTASMボス・八雲 紫のテーマ,26,関連キャラの演奏大成功時に入手
10418,春風の夢,エンディングテーマ,1004,このシリーズの関連キャラに陥落資質（恋慕・愛欲）がついた場合
10419,さくらさくら　～ Japanize Dream...,スタッフロールテーマ,1005,シリーズ内でこれ以外の楽譜を全部手に入れる

;東方萃夢想　～ Immaterial and Missing Power.
10450,Demystify Feast,宴会直前ステージのテーマ,1001,そのシリーズの楽譜を手に入れた際に入手
10451,夜が降りてくる　～ Evening Star,セミファイナルステージ・八雲 紫のテーマ,26,関連キャラの演奏大成功時に入手
10452,御伽の国の鬼が島　～ Missing Power,ファイナルステージ・伊吹 萃香のテーマ,10,関連キャラの演奏大成功時に入手

;東方永夜抄　～ Imperishable Night.
10500,永夜抄　～ Eastern Night.,タイトル画面テーマ,1001,そのシリーズの楽譜を手に入れた際に入手
10501,幻視の夜　～ Ghostly Eyes,１面テーマ,1000,演奏時に随机で入手（重複なし）
10502,蠢々秋月　～ Mooned Insect,１面ボス・莉格露・奈特巴格のテーマ,27,関連キャラの演奏大成功時に入手
10503,夜雀の歌声　～ Night Bird,２面テーマ,1000,演奏時に随机で入手（重複なし）
10504,もう歌しか聞こえない,２面ボス・米斯蒂亜・蘿蕾拉のテーマ,28,関連キャラの演奏大成功時に入手
10505,懐かしき東方の血　～ Old World,３面のテーマ,1000,演奏時に随机で入手（重複なし）
10506,プレインエイジア,３面ボス・上白沢 慧音のテーマ,67,関連キャラの演奏大成功時に入手
10507,永夜の報い　～ Imperishable Night.,４面テーマ,1000,演奏時に随机で入手（重複なし）
10508,少女綺想曲　～ Dream Battle,４面ボス・博麗 霊夢のテーマ,1,関連キャラの演奏大成功時に入手
10509,恋色マ斯塔スパーク,４面ボス・霧雨 魔理沙のテーマ,11,関連キャラの演奏大成功時に入手
10510,シンデレラケージ　～ Kagome-Kagome,５面テーマ,1000,演奏時に随机で入手（重複なし）
10511,狂気の瞳　～ Invisible Full Moon,５面ボス・鈴仙・U・因幡のテーマ,53,関連キャラの演奏大成功時に入手
10512,ヴォヤージュ1969,６面テーマ,1000,演奏時に随机で入手（重複なし）
10513,千年幻想郷　～ History of the Moon,６面Aボス・八意 永琳のテーマ,72,関連キャラの演奏大成功時に入手
10514,竹取飛翔　～ Lunatic Princess,６面Bボス・蓬莱山 輝夜のテーマ,62,関連キャラの演奏大成功時に入手
10515,ヴォヤージュ1970,永琳・輝夜ファイナルスペルのテーマ,62,関連キャラの演奏大成功時に入手
10516,Extendアッシュ　～ 蓬莱人,EXTRAテーマ,1002,このシリーズの随机入手を全部手に入れる
10517,月まで届け、不死の煙,EXTRAボス・藤原 妹紅のテーマ,61,関連キャラの演奏大成功時に入手
10518,赏月草,エンディングテーマ,1004,このシリーズの関連キャラに陥落資質（恋慕・愛欲）がついた場合
10519,Eternal Dream　～ 幽玄の槭樹,スタッフロールテーマ,1005,シリーズ内でこれ以外の楽譜を全部手に入れる
10520,東方妖怪小町,ラストワードのテーマ,1010,関連キャラがいないので、演奏時に随机で入手（重複なし）

;東方花映塚　～ Phantasmagoria of Flower View.
10550,花映塚　～ Higan Retour,タイトル画面テーマ,1001,そのシリーズの楽譜を手に入れた際に入手
10551,春色小径　～ Colorful Path,博麗 霊夢のテーマ,1,関連キャラの演奏大成功時に入手
10552,オリエンタルダークフライト,霧雨 魔理沙のテーマ,11,関連キャラの演奏大成功時に入手
10553,フラワリングナイト,十六夜 咲夜のテーマ,15,関連キャラの演奏大成功時に入手
10554,東方妖々夢　～ Ancient Temple,魂魄 妖夢のテーマ,23,関連キャラの演奏大成功時に入手
10555,狂気の瞳　～ Invisible Full Moon,鈴仙・U・因幡のテーマ,53,関連キャラの演奏大成功時に入手
10556,おてんば恋娘の冒険,琪露諾のテーマ,14,関連キャラの演奏大成功時に入手
10557,幽霊楽団　～ Phantom Ensemble,普利茲姆利巴三姉妹のテーマ,20|21|22,関連キャラの演奏大成功時に入手
10558,もう歌しか聞こえない　～ Flower Mix,米斯蒂亜・蘿蕾拉のテーマ,28,関連キャラの演奏大成功時に入手
10559,お宇佐さまの素い幡,因幡 帝のテーマ,53,関連キャラの演奏大成功時に入手
10560,風神少女　 (Short Version),射命丸 文のテーマ,29,関連キャラの演奏大成功時に入手
10561,ポイズンボディ　～ Forsaken Doll,梅蒂欣・梅蘭可莉のテーマ,75,関連キャラの演奏大成功時に入手
10562,今昔幻想郷　～ Flower Land,風見 幽香のテーマ,68,関連キャラの演奏大成功時に入手
10563,彼岸帰航　～ Riverside View,小野塚 小町のテーマ,76,関連キャラの演奏大成功時に入手
10564,六十年目の東方裁判　～ Fate of Sixty Years,四季映姫・亞瑪薩那度のテーマ,30,関連キャラの演奏大成功時に入手
10565,花の映る塚,会話場面のテーマ１,1000,演奏時に随机で入手（重複なし）
10566,此岸の塚,会話場面のテーマ２,1000,演奏時に随机で入手（重複なし）
10567,花は幻想のままに,エンディングテーマ,1004,このシリーズの関連キャラに陥落資質（恋慕・愛欲）がついた場合
10568,魂の花　～ Another Dream...,スタッフロールテーマ,1005,シリーズ内でこれ以外の楽譜を全部手に入れる

;東方文花帖　～ Shoot the Bullet.
10600,天狗の手帖　～ Mysterious Note,タイトル画面テーマ,1001,そのシリーズの楽譜を手に入れた際に入手
10601,風の循環　～ Wind Tour,撮影曲１,1101,文の依頼成功時
10602,天狗が見ている　～ Black Eyes,撮影曲２,1101,文の依頼成功時
10603,東の国の眠らない夜,撮影曲３,1101,文の依頼成功時
10604,レトロスペクティブ京都,撮影曲４,1101,文の依頼成功時
10605,風神少女,撮影曲５,1101,文の依頼成功時

;東方風神録　～ Mountain of Faith.
10650,封印されし神々,タイトル画面テーマ,1001,そのシリーズの楽譜を手に入れた際に入手
10651,人恋し神様　～ Romantic Fall,１面テーマ,1000,演奏時に随机で入手（重複なし）
10652,稲田姫様に叱られるから,１面ボス・秋 穣子のテーマ,78,関連キャラの演奏大成功時に入手
10653,厄運之神の街道道　～ Dark Road,２面テーマ,1000,演奏時に随机で入手（重複なし）
10654,運命のダークサイド,２面ボス・鍵山 雛のテーマ,79,関連キャラの演奏大成功時に入手
10655,神々が恋した幻想郷,３面テーマ,1000,演奏時に随机で入手（重複なし）
10656,芥川龍之介の河童　～ Candid Friend,３面ボス・河城 荷取のテーマ,51,関連キャラの演奏大成功時に入手
10657,フォールオブフォール　～ 秋めく滝,４面テーマ,1000,演奏時に随机で入手（重複なし）
10658,妖怪之山　～ Mysterious Mountain,４面ボス・射命丸 文のテーマ,29,関連キャラの演奏大成功時に入手
10659,少女が見た日本の原風景,５面テーマ,1000,演奏時に随机で入手（重複なし）
10660,信仰は儚き人类の為に,５面ボス・東風谷 早苗のテーマ,31,関連キャラの演奏大成功時に入手
10661,御柱の墓場　～ Grave of Being,６面テーマ,1000,演奏時に随机で入手（重複なし）
10662,神さびた古戦場　～ Suwa Foughten Field,６面ボス・八坂 神奈子のテーマ,32,関連キャラの演奏大成功時に入手
10663,明日ハレの日、ケの昨日,EXTRAテーマ,1002,このシリーズの随机入手を全部手に入れる
10664,ネイティブフェイス,EXTRAボス・洩矢 諏訪子のテーマ,33,関連キャラの演奏大成功時に入手
10665,麓の神社,エンディングテーマ,1004,このシリーズの関連キャラに陥落資質（恋慕・愛欲）がついた場合
10666,神は恵みの雨を降らす　～ Sylphid Dream,スタッフロールテーマ,1005,シリーズ内でこれ以外の楽譜を全部手に入れる
10667,プレイヤーズスコア(東方風神録),ゲームオーバーテーマ,1003,このシリーズの関連キャラに弾幕勝負を挑む

;東方緋想天　～ Scarlet Weather Rhapsody.
10700,黒い海に紅く　～ Legendary Fish,永江 衣玖のテーマ,35,関連キャラの演奏大成功時に入手
10701,有頂天変　～ Wonderful Heaven,比那名居 天子のテーマ,34,関連キャラの演奏大成功時に入手
10702,幼心地の有頂天,ラストスペルのテーマ,1005,シリーズ内でこれ以外の楽譜を全部手に入れる

;東方地霊殿　～ Subterranean Animism.
10750,地霊達の起床,タイトル画面テーマ,1001,そのシリーズの楽譜を手に入れた際に入手
10751,暗闇の風穴,１面テーマ,1000,演奏時に随机で入手（重複なし）
10752,封じられた妖怪　～ Lost Place,１面ボス・黒谷 山女のテーマ,83,関連キャラの演奏大成功時に入手
10753,渡る者の途絶えた橋,２面テーマ,1000,演奏時に随机で入手（重複なし）
10754,緑眼のジェラシー,２面ボス・水橋 琶露西のテーマ,60,関連キャラの演奏大成功時に入手
10755,旧地獄街道を行く,３面テーマ,1000,演奏時に随机で入手（重複なし）
10756,華のさかづき大江山,３面ボス・星熊 勇儀のテーマ,64,関連キャラの演奏大成功時に入手
10757,ハートフェルトファンシー,４面テーマ,1000,演奏時に随机で入手（重複なし）
10758,少女覚　～ 3rd eye,４面ボス・古明地 覚のテーマ,49,関連キャラの演奏大成功時に入手
10759,廃獄ララバイ,５面のテーマ,1000,演奏時に随机で入手（重複なし）
10760,死体旅行　～ Be of good cheer!,５面ボス・火焔猫 燐のテーマ,36,関連キャラの演奏大成功時に入手
10761,業火斗篷ル,６面のテーマ,1000,演奏時に随机で入手（重複なし）
10762,霊知の太陽信仰　～ Nuclear Fusion,６面ボス・霊烏路 空のテーマ,37,関連キャラの演奏大成功時に入手
10763,ラストリモート,EXTRAのテーマ,1002,このシリーズの随机入手を全部手に入れる
10764,ハルトマンの妖怪少女,EXTRAボス・古明地 恋のテーマ,38,関連キャラの演奏大成功時に入手
10765,地霊達の帰宅,エンディングテーマ,1004,このシリーズの関連キャラに陥落資質（恋慕・愛欲）がついた場合
10766,エネルギー黎明 ～ Future Dream...,スタッフロールのテーマ,1005,シリーズ内でこれ以外の楽譜を全部手に入れる
10767,プレイヤーズスコア(東方地霊殿),ゲームオーバーテーマ　（※風神録と同じ） ,1003,このシリーズの関連キャラに弾幕勝負を挑む

;東方星蓮船　～ Undefined Fantastic Object.
10800,青空の影,タイトル画面テーマ,1001,そのシリーズの楽譜を手に入れた際に入手
10801,春の湊に,１面テーマ,1000,演奏時に随机で入手（重複なし）
10802,小小的小小的賢将,１面ボス・納茲琳のテーマ,39,関連キャラの演奏大成功時に入手
10803,閉ざせし雲の通い路,２面テーマ,1000,演奏時に随机で入手（重複なし）
10804,万年置き傘にご注意を,２面ボス・多多良 小傘のテーマ,40,関連キャラの演奏大成功時に入手
10805,スカイルーイン,３面テーマ,1000,演奏時に随机で入手（重複なし）
10806,時代親父とハイカラ少女,３面ボス・雲居 一輪＆雲山のテーマ,85,関連キャラの演奏大成功時に入手
10807,幽霊客船の時空を越えた旅,４面テーマ,1000,演奏時に随机で入手（重複なし）
10808,キャプテン・村紗,４面ボス・村紗 水蜜のテーマ,86,関連キャラの演奏大成功時に入手
10809,魔界地方都市エソテリア,５面テーマ,1000,演奏時に随机で入手（重複なし）
10810,虎柄の毘沙門天,５面ボス・寅丸 星のテーマ,87,関連キャラの演奏大成功時に入手
10811,法界の火,６面テーマ,1000,演奏時に随机で入手（重複なし）
10812,感情の摩天楼　～ Cosmic Mind,６面ボス・聖 白蓮のテーマ,55,関連キャラの演奏大成功時に入手
10813,夜空のユーフォーロマンス,EXTRAのテーマ,1002,このシリーズの随机入手を全部手に入れる
10814,平安のエイリアン,EXTRAボス・封獣 鵺のテーマ,41,関連キャラの演奏大成功時に入手
10815,妖怪寺,エンディングテーマ,1004,このシリーズの関連キャラに陥落資質（恋慕・愛欲）がついた場合
10816,空の帰り道　～ Sky Dream,スタッフロールのテーマ,1005,シリーズ内でこれ以外の楽譜を全部手に入れる
10817,プレイヤーズスコア(東方星蓮船),ゲームオーバーテーマ　（※風神録・地霊殿と同じ）,1003,このシリーズの関連キャラに弾幕勝負を挑む

;東方非想天則　～ 超弩級ギニョルの謎を追え
10850,アンノウンX　～ Unfound Adventure,ファイナルステージ共通テーマ,1000,演奏時に随机で入手（重複なし）
10851,空に浮かぶ物体X,早苗ストーリー・ラストスペルのテーマ,1005,シリーズ内でこれ以外の楽譜を全部手に入れる

;ダブルスポイラー　～ 東方文花帖
10900,ニュースハウンド,タイトル画面テーマ,1001,そのシリーズの楽譜を手に入れた際に入手
10901,你の町の怪事件,取材のテーマ１,1102,極の依頼成功時
10902,妖怪モダンコロニー,取材のテーマ２,1102,極の依頼成功時
10903,ネメシスの要塞,取材のテーマ３,1102,極の依頼成功時
10904,無間の鐘　～ Infinite Nightmare,取材のテーマ４,1102,極の依頼成功時
10905,妖怪之山　～ Mysterious Mountain,取材のテーマ５,1102,極の依頼成功時
;10906,（曲名不明）,はたてモード開放画面・コンプリート画面のテーマ ,-1,曲名不明なので手に入らない

;妖精大戦争　～ 東方三月精
10950,春の氷精,タイトル画面テーマ,1001,そのシリーズの楽譜を手に入れた際に入手
10951,可愛い大戦争のリフレーン,１面のテーマ,1100,桑尼・露娜・斯塔・大妖精・琪露諾の依頼成功時
10952,いたずらに命をかけて,１、２面ボスのテーマ,1100,桑尼・露娜・斯塔・大妖精・琪露諾の依頼成功時
10953,年中夢中の好奇心,２面のテーマ,1100,桑尼・露娜・斯塔・大妖精・琪露諾の依頼成功時
10954,真夜中のフェアリーダンス,３面のテーマ,1100,桑尼・露娜・斯塔・大妖精・琪露諾の依頼成功時
10955,妖精大戦争　～ Fairy Wars,３面ボスのテーマ,1100,桑尼・露娜・斯塔・大妖精・琪露諾の依頼成功時
10956,ルーズレイン,EXTRAのテーマ,1002,このシリーズの随机入手を全部手に入れる
10957,メイガスナイト,EXTRAボス・霧雨 魔理沙のテーマ,11,関連キャラの演奏大成功時に入手
10958,春の氷精　- 静 -,エンディングテーマ,1004,このシリーズの関連キャラに陥落資質（恋慕・愛欲）がついた場合
10959,プレイヤーズスコア(妖精大戦争),ネームレジストのテーマ ,1003,このシリーズの関連キャラに弾幕勝負を挑む

;東方神霊廟　～ Ten Desires.
11000,欲深き霊魂,タイトル画面テーマ,1001,そのシリーズの楽譜を手に入れた際に入手
11001,死霊の夜桜,１面テーマ,1000,演奏時に随机で入手（重複なし）
11002,ゴーストリード,１面ボス・西行寺 幽幽子のテーマ,66,関連キャラの演奏大成功時に入手
11003,妖怪寺へようこそ,２面テーマ,1000,演奏時に随机で入手（重複なし）
11004,門前の妖怪小娘,２面ボス・幽谷 響子のテーマ,88,関連キャラの演奏大成功時に入手
11005,素敵な墓場で暮しましょ,３面テーマ,1000,演奏時に随机で入手（重複なし）
11006,リジッドパラB,３面ボス・宮古 芳香のテーマ,89,関連キャラの演奏大成功時に入手
11007,デザイアドライブ,４面テーマ,1000,演奏時に随机で入手（重複なし）
11008,古きユアンシェン,４面ボス・霍 青娥のテーマ,90,関連キャラの演奏大成功時に入手
11009,夢殿大祀廟,５面テーマ,1000,演奏時に随机で入手（重複なし）
11010,大神神話伝,５面ボス・物部 布都のテーマ,92,関連キャラの演奏大成功時に入手
11011,小小的欲望の星空,６面テーマ,1000,演奏時に随机で入手（重複なし）
11012,聖徳伝説　～ True Administrator,６面ボス・豊聡耳 神子のテーマ,56,関連キャラの演奏大成功時に入手
11013,妖怪裏参道,EXTRAのテーマ,1002,このシリーズの随机入手を全部手に入れる
11014,佐渡の二岩,EXTRAボス・二岩 猯藏のテーマ,69,関連キャラの演奏大成功時に入手
11015,神社の新しい風,エンディングテーマ,1004,このシリーズの関連キャラに陥落資質（恋慕・愛欲）がついた場合
11016,デザイアドリーム,スタッフロールテーマ,1005,シリーズ内でこれ以外の楽譜を全部手に入れる
11017,プレイヤーズスコア(東方神霊廟),ゲームオーバーテーマ　（※妖精大戦争と同じ）,1003,このシリーズの関連キャラに弾幕勝負を挑む

;東方心綺楼　～ Hopeless Masquerade.
11050,幻想郷の二岩,二岩 猯藏のテーマ,69,関連キャラの演奏大成功時に入手
11051,亡失のエモーション,秦 心のテーマ,57,関連キャラの演奏大成功時に入手

;東方輝針城　～ Double Dealing Character.
11100,不思議なお祓い棒,タイトル画面テーマ,1001,そのシリーズの楽譜を手に入れた際に入手
11101,ミストレイク,１面テーマ,1000,演奏時に随机で入手（重複なし）
11102,秘境のマーメイド,１面ボス・若鷺姫のテーマ,93,関連キャラの演奏大成功時に入手
11103,運河を行き交う人妖,２面テーマ,1000,演奏時に随机で入手（重複なし）
11104,柳の下のデュラハン,２面ボス・赤蛮奇のテーマ,73,関連キャラの演奏大成功時に入手
11105,満月の竹林,３面テーマ,1000,演奏時に随机で入手（重複なし）
11106,孤独なウェアウルフ,３面ボス・今泉 影狼のテーマ,63,関連キャラの演奏大成功時に入手
11107,マジカルストーム,４面テーマ,1000,演奏時に随机で入手（重複なし）
11108,幻想浄瑠璃,４面ボス・九十九 弁弁＆九十九 八橋のテーマ,94|95,関連キャラの演奏大成功時に入手
11109,空中に沈む輝針城,５面テーマ,1000,演奏時に随机で入手（重複なし）
11110,リバースイデオロギー,５面ボス・鬼人 正邪のテーマ,97,関連キャラの演奏大成功時に入手
11111,針小棒大の天守閣,６面テーマ,1000,演奏時に随机で入手（重複なし）
11112,輝く針の小人族　～ Little Princess,６面ボス・少名 針妙丸のテーマ,71,関連キャラの演奏大成功時に入手
11113,魔力の雷雲,EXTRAのテーマ,1002,このシリーズの随机入手を全部手に入れる
11114,始原のビート　～ Pristine Beat,EXTRAボス・堀川 雷鼓のテーマ,96,関連キャラの演奏大成功時に入手
11115,小槌の魔力,エンディングテーマ,1004,このシリーズの関連キャラに陥落資質（恋慕・愛欲）がついた場合
11116,不思議な不思議な道具達,スタッフロールテーマ,1005,シリーズ内でこれ以外の楽譜を全部手に入れる
11117,プレイヤーズスコア(東方輝針城),ゲームオーバーテーマ　（※神霊廟・妖精大戦争と同じ）,1003,このシリーズの関連キャラに弾幕勝負を挑む

;弾幕アマノジャク　～ Impossible Spell Card.
11150,反則の狼煙を上げろ,タイトル画面テーマ,1001,そのシリーズの楽譜を手に入れた際に入手
11151,不可能弾幕には反則を,最序盤のテーマ,1103,反発刻印がついた場合
11152,ミッドナイトスペルカード,序盤のテーマ,1103,反発刻印がついた場合
11153,ロマンチック逃飛行,中盤のテーマ,1103,反発刻印がついた場合
11154,永遠の三日天下,終盤のテーマ,1103,反発刻印がついた場合
11155,秘境のマーメイド(弾幕アマノジャク),（※輝針城から再録）,-1,依賴を失敗した際に入手
11156,リバースイデオロギー(弾幕アマノジャク),（※輝針城から再録）,1103,依賴を失敗した際に入手
11157,幻想浄瑠璃(弾幕アマノジャク),（※輝針城から再録）,1103,依賴を失敗した際に入手
11158,妖怪之山　～ Mysterious Mountain(弾幕アマノジャク),（※風神録から再録） ,1103,依賴を失敗した際に入手

;東方深秘録　～ Urban Legend in Limbo. 
11200,華狭間のバトルフィールド,茨木 華扇のテーマ,43,関連キャラの演奏大成功時に入手
11201,ラストオカルティズム　～ 現し世の秘術師,宇佐見 菫子のテーマ,106,関連キャラの演奏大成功時に入手
11202,アンノウンX　～ Occultly Madness,EXTRAファイナルステージテーマ,1005,シリーズ内でこれ以外の楽譜を全部手に入れる

;東方紺珠伝　～ Legacy of Lunatic Kingdom.
11250,宇宙巫女現る,タイトル画面テーマ,1001,そのシリーズの楽譜を手に入れた際に入手
11251,忘れがたき、よすがの緑,１面テーマ,1000,演奏時に随机で入手（重複なし）
11252,兎は舞い降りた,１面ボス・清蘭のテーマ,107,関連キャラの演奏大成功時に入手
11253,湖は浄めの月光を映して,２面テーマ,1000,演奏時に随机で入手（重複なし）
11254,九月のパンプキン,２面ボス・鈴瑚のテーマ,108,関連キャラの演奏大成功時に入手
11255,宇宙を飛ぶ不思議な巫女,３面テーマ,1000,演奏時に随机で入手（重複なし）
11256,永遠の春夢,３面ボス・多来米・蘇伊特のテーマ,109,関連キャラの演奏大成功時に入手
11257,凍り付いた永遠の都,４面テーマ,1000,演奏時に随机で入手（重複なし）
11258,逆転するホイールオブフォーチュン,４面ボス・稀神 探女のテーマ,110,関連キャラの演奏大成功時に入手
11259,遥か３８万キロのボヤージュ,５面テーマ,1000,演奏時に随机で入手（重複なし）
11260,星条旗のピエロ,５面ボス・克勞恩皮絲のテーマ,111,関連キャラの演奏大成功時に入手
11261,故郷の星が映る海,６面テーマ,1000,演奏時に随机で入手（重複なし）
11262,ピュアヒューリーズ　～ 心の在処,６面ボス・純狐のテーマ,112,関連キャラの演奏大成功時に入手
11263,見た事も無い悪夢之世界,EXTRAのテーマ,1002,このシリーズの随机入手を全部手に入れる
11264,パンデモニックプラネット,EXTRAボス・赫喀提亞・拉碧斯拉祖利のテーマ,113,関連キャラの演奏大成功時に入手
11265,神社から見える月,エンディングテーマ,1004,このシリーズの関連キャラに陥落資質（恋慕・愛欲）がついた場合
11266,宇宙巫女帰還する,スタッフロールテーマ,1005,シリーズ内でこれ以外の楽譜を全部手に入れる
11267,プレイヤーズスコア(東方紺珠伝),ゲームオーバーテーマ　（※輝針城・神霊廟・妖精大戦争と同じ）,1003,このシリーズの関連キャラに弾幕勝負を挑む

;東方天空璋　～ Hidden Star in Four Seasons.
11300,桜舞い散る天空,タイトル画面テーマ,1001,そのシリーズの楽譜を手に入れた際に入手
11301,希望の星は青霄に昇る,１面テーマ,1000,演奏時に随机で入手（重複なし）
11302,真夏の妖精の夢,１面ボス・愛塔妮緹拉瓦爾のテーマ,118,関連キャラの演奏大成功時に入手
11303,色無き風は妖怪之山に,２面テーマ,1000,演奏時に随机で入手（重複なし）
11304,山奥のエンcounter,２面ボス・坂田 合歡乃のテーマ,119,関連キャラの演奏大成功時に入手
11305,桜色の海を泳いで,３面テーマ,1000,演奏時に随机で入手（重複なし）
11306,一対の神獣,３面ボス・高麗野 阿吽のテーマ,120,関連キャラの演奏大成功時に入手
11307,幻想のホワイトトラベラー,４面テーマ,1000,演奏時に随机で入手（重複なし）
11308,魔法の笠地蔵,矢田寺　成美のテーマ,121,関連キャラの演奏大成功時に入手
11309,禁断の扉の向こうは、この世かあの世か,５面テーマ,1000,演奏時に随机で入手（重複なし）
11310,クレイジーバックダンサーズ,丁礼田　舞・爾子田　里乃のテーマ,122|123,関連キャラの演奏大成功時に入手
11311,イントゥ・バックドア,６面テーマ,1000,演奏時に随机で入手（重複なし）
11312,秘匿されたフォーシーズンズ,摩多羅　隠岐奈のテーマ,124,関連キャラの演奏大成功時に入手
11313,もうドアには入れない,Extraステージのテーマ,1002,このシリーズの随机入手を全部手に入れる
11314,秘神マターラ　～ Hidden Star in All Seasons,摩多羅　隠岐奈(真)のテーマ,124,関連キャラの演奏大成功時に入手
11315,不自然な自然,エンディングテーマ,1004,このシリーズの関連キャラに陥落資質（恋慕・愛欲）がついた場合
11316,白い旅人,スタッフロールテーマ,1005,シリーズ内でこれ以外の楽譜を全部手に入れる
11317,プレイヤーズスコア(東方天空璋),ゲームオーバーテーマ　（※紺珠伝・輝針城・神霊廟・妖精大戦争と同じ）,1003,このシリーズの関連キャラに弾幕勝負を挑む
